Professores,Ano_dout
Alan Ricardo da Silva,2009
Ana Maria Nogales Vasconcelos,2001
André Luiz Fernandes Cançado,2009
Antônio Eduardo Gomes,1999
Bernardo Borba de Andrade,2007
Cibele Queiroz da Silva,1999
Cira Etheowalda Guevara Otiniano,2006
Démerson André Polli,2020
Donald Matthew Pianto,2008
Eduardo Freitas da Silva,1998
Eduardo Monteiro de Castro Gomes,2013
Eduardo Yoshio Nakano,2010
George Freitas Von Borries,2008
Geraldo da Silva e Souza,1979
Gladston Luiz da Silva,2010
Guilherme Souza Rodrigues,2017
Gustavo Leonel Gilardoni Avalle,1989
Helton Saulo Bezerra dos Santos,2013
Jhames Matos Sampaio,2012
Joanlise Marco de Leon Andrade,2008
José Angelo Belloni,2000
José Augusto Fiorucci,2016
Juliana Betini Fachini Gomes,2011
Leandro Tavares Correia,2015
Lucas Moreira,2012
Luís Gustavo do Amaral Vinha,2016
Peter Zornig,1988
Raul Yukihiro Matsushita,2012
Roberto Vila Gabriel,2016
Thais Carvalho Valadares Rodrigues,2017
